Function Name,Exclusive Samples,Exclusive Samples %,Instruction Address,Source Line Begin,Source Character Begin,Source Line End,Source Character End,
"Ant::ConstructTour","22,763",23.87,0x0006647F,424,0,424,0,
"Ant::csRoulette","12,843",13.47,0x00066DA0,546,0,546,0,
"[ucrtbased.dll]","9,690",10.16,0x0FA64950,0,0,0,0,
"[ucrtbased.dll]","9,506",9.97,0x0FA64D04,0,0,0,0,
"Ant::avxRandom","2,589",2.71,0x00066C33,709,0,709,0,
"Ant::csRoulette","2,079",2.18,0x00066DA6,548,0,548,0,
"Ant::csRoulette","1,924",2.02,0x00066D99,546,0,546,0,
"Ant::csRoulette","1,519",1.59,0x00066CAD,522,0,522,0,
"Ant::avxRandom","1,448",1.52,0x00066C3F,709,0,709,0,
"Ant::avxRandom","1,372",1.44,0x00066BBD,705,0,705,0,
"Ant::avxRandom","1,275",1.34,0x00066C23,709,0,709,0,
"Ant::avxRandom","1,086",1.14,0x00066C37,709,0,709,0,
"Ant::csRoulette","1,039",1.09,0x00066E56,560,0,560,0,
"Ant::csRoulette",891,0.93,0x00066DDF,552,0,552,0,
"Ant::csRoulette",835,0.88,0x00066D39,540,0,540,0,
"Ant::csRoulette",777,0.81,0x00066D90,546,0,546,0,
"Ant::csRoulette",762,0.80,0x00066DF9,552,0,552,0,
"Ant::csRoulette",727,0.76,0x00066F45,593,0,593,0,
"Ant::csRoulette",615,0.64,0x00066E39,558,0,558,0,
"Ant::avxRandom",611,0.64,0x00066C43,709,0,709,0,
"Ant::csRoulette",596,0.62,0x00066D8A,546,0,546,0,
"Ant::csRoulette",591,0.62,0x00067078,620,0,620,0,
"Ant::csRoulette",587,0.62,0x00066E73,564,0,564,0,
"Ant::csRoulette",506,0.53,0x00066D28,538,0,538,0,
"Ant::csRoulette",494,0.52,0x00067043,615,0,615,0,
"Ant::avxRandom",436,0.46,0x00066C11,709,0,709,0,
"Ant::iRoulette",409,0.43,0x00067437,492,0,492,0,
"Ant::ConstructTour",407,0.43,0x000664B3,430,0,430,0,
"Ant::csRoulette",393,0.41,0x00066E01,554,0,554,0,
"Ant::csRoulette",383,0.40,0x00066F32,590,0,590,0,
"Ant::csRoulette",375,0.39,0x00067052,617,0,617,0,
"Ant::csRoulette",346,0.36,0x0006704A,615,0,615,0,
"Ant::csRoulette",330,0.35,0x00066DAF,548,0,548,0,
"Ant::ConstructTour",312,0.33,0x00066470,424,0,424,0,
"Ant::csRoulette",311,0.33,0x00066F65,593,0,593,0,
"Ant::csRoulette",300,0.31,0x00066F4F,593,0,593,0,
"Ant::csRoulette",298,0.31,0x00066F59,593,0,593,0,
"Ant::csRoulette",290,0.30,0x00066F5B,593,0,593,0,
"Ant::ConstructTour",289,0.30,0x00066476,424,0,424,0,
"Ant::avxRandom",284,0.30,0x00066BE1,708,0,708,0,
"Ant::ConstructTour",278,0.29,0x0006646D,424,0,424,0,
"Ant::csRoulette",276,0.29,0x00066F78,596,0,596,0,
"Ant::csRoulette",270,0.28,0x00066E17,558,0,558,0,
"Ant::avxRandom",267,0.28,0x00066C4E,710,0,710,0,
"Ant::avxRandom",259,0.27,0x00066BFF,709,0,709,0,
"Ant::csRoulette",257,0.27,0x00066DB4,548,0,548,0,
"Ant::csRoulette",236,0.25,0x00066F4D,593,0,593,0,
"Ant::iRoulette",236,0.25,0x0006744D,492,0,492,0,
"Ant::csRoulette",232,0.24,0x00066DE6,552,0,552,0,
"Ant::csRoulette",231,0.24,0x00066E64,561,0,561,0,
"Ant::ConstructTour",223,0.23,0x00066489,430,0,430,0,
"Ant::csRoulette",221,0.23,0x00066DC5,550,0,550,0,
"Ant::csRoulette",221,0.23,0x00066DCD,550,0,550,0,
"Ant::csRoulette",220,0.23,0x00066F6B,593,0,593,0,
"Ant::csRoulette",202,0.21,0x00066D60,544,0,544,0,
"Ant::csRoulette",194,0.20,0x00066D48,541,0,541,0,
"Ant::csRoulette",189,0.20,0x00066E78,565,0,565,0,
"Ant::csRoulette",184,0.19,0x00067032,613,0,613,0,
"Ant::csRoulette",176,0.18,0x00066D75,544,0,544,0,
"Ant::csRoulette",172,0.18,0x00066DD3,550,0,550,0,
"Ant::iRoulette",169,0.18,0x0006743F,492,0,492,0,
"Ant::csRoulette",164,0.17,0x00066D2A,540,0,540,0,
"Ant::iRoulette",150,0.16,0x00067424,489,0,489,0,
"Ant::csRoulette",141,0.15,0x00066D66,544,0,544,0,
"Ant::csRoulette",141,0.15,0x00066DC7,550,0,550,0,
"Ant::csRoulette",141,0.15,0x0006704C,617,0,617,0,
"[vcruntime140d.dll]",140,0.15,0x0F0B4AF4,0,0,0,0,
"Ant::csRoulette",139,0.15,0x00066FAF,601,0,601,0,
"_RTC_CheckEsp",135,0.14,0x00068003,0,0,0,0,
"Ant::csRoulette",131,0.14,0x00066F29,590,0,590,0,
"Ant::csRoulette",129,0.14,0x00066E49,560,0,560,0,
"Ant::csRoulette",118,0.12,0x00066FB7,601,0,601,0,
"Ant::avxRandom",116,0.12,0x00066C03,709,0,709,0,
"Ant::csRoulette",112,0.12,0x00067072,618,0,618,0,
"Ant::csRoulette",104,0.11,0x00066F13,586,0,586,0,
"Ant::csRoulette",104,0.11,0x00066F17,586,0,586,0,
"Ant::csRoulette",99,0.10,0x00066E0F,556,0,556,0,
"Ant::csRoulette",96,0.10,0x00066E1E,558,0,558,0,
"[ucrtbased.dll]",93,0.10,0x0FA64CFE,0,0,0,0,
"Ant::iRoulette",93,0.10,0x0006741B,489,0,489,0,
"Ant::csRoulette",90,0.09,0x00066DAC,548,0,548,0,
"Ant::ConstructTour",88,0.09,0x000663B9,409,0,409,0,
"Ant::iRoulette",87,0.09,0x000674A4,500,0,500,0,
"[ucrtbased.dll]",85,0.09,0x0FA64942,0,0,0,0,
"Ant::csRoulette",85,0.09,0x00066DBA,550,0,550,0,
"Ant::csRoulette",85,0.09,0x0006705B,617,0,617,0,
"Ant::avxRandom",78,0.08,0x00066BC0,705,0,705,0,
"Ant::csRoulette",75,0.08,0x00066DD9,552,0,552,0,
"Ant::csRoulette",75,0.08,0x00066DFB,554,0,554,0,
"Ant::csRoulette",71,0.07,0x00067082,622,0,622,0,
"[vcruntime140d.dll]",70,0.07,0x0F0B4AFD,0,0,0,0,
"_RTC_CheckStackVars",70,0.07,0x00067FB5,0,0,0,0,
"Ant::iRoulette",70,0.07,0x0006745D,492,0,492,0,
"Ant::csRoulette",67,0.07,0x00066F87,598,0,598,0,
"[ucrtbased.dll]",66,0.07,0x0FA64930,0,0,0,0,
"Ant::csRoulette",66,0.07,0x00066E36,558,0,558,0,
"Ant::csRoulette",65,0.07,0x00066DEB,552,0,552,0,
"Ant::avxRandom",64,0.07,0x00066BE9,708,0,708,0,
"Ant::csRoulette",64,0.07,0x00066E11,558,0,558,0,
"Ant::iRoulette",64,0.07,0x000672ED,442,0,442,0,
"AntSystem::Deposit",64,0.07,0x00064DA2,392,0,392,0,
"Ant::csRoulette",63,0.07,0x00066E8F,571,0,571,0,
"[vcruntime140d.dll]",62,0.07,0x0F0B4616,0,0,0,0,
"Ant::csRoulette",62,0.07,0x0006701C,613,0,613,0,
"Ant::iRoulette",62,0.07,0x0006746A,495,0,495,0,
"Ant::iRoulette",60,0.06,0x0006740C,489,0,489,0,
"Ant::avxRandom",59,0.06,0x00066BFC,709,0,709,0,
"Ant::ConstructTour",59,0.06,0x00066492,430,0,430,0,
"@ILT+505",58,0.06,0x000611FE,0,0,0,0,
"Ant::csRoulette",56,0.06,0x00066F3D,593,0,593,0,
"Ant::ConstructTour",53,0.06,0x000663AC,409,0,409,0,
"Ant::iRoulette",52,0.05,0x000673EB,485,0,485,0,
"Ant::ConstructTour",49,0.05,0x000664A7,430,0,430,0,
"Ant::csRoulette",49,0.05,0x00066E89,571,0,571,0,
"Ant::iRoulette",49,0.05,0x000674B8,503,0,503,0,
"Ant::csRoulette",48,0.05,0x00066F20,590,0,590,0,
"AntSystem::Deposit",48,0.05,0x00064D2C,388,0,388,0,
"AntSystem::Deposit",47,0.05,0x00064DAB,392,0,392,0,
"Ant::ConstructTour",46,0.05,0x0006648C,430,0,430,0,
"Ant::csRoulette",46,0.05,0x00066FFE,609,0,609,0,
"Ant::csRoulette",46,0.05,0x00067034,615,0,615,0,
"Ant::iRoulette",45,0.05,0x0006740F,489,0,489,0,
"Ant::ConstructTour",44,0.05,0x00066441,422,0,422,0,
"Ant::csRoulette",44,0.05,0x00066D93,546,0,546,0,
"Ant::csRoulette",44,0.05,0x00066FFB,609,0,609,0,
"[vcruntime140d.dll]",42,0.04,0x0F0B4611,0,0,0,0,
"Ant::csRoulette",42,0.04,0x00066CE3,525,0,525,0,
"Ant::iRoulette",42,0.04,0x0006744B,492,0,492,0,
"[vcruntime140d.dll]",40,0.04,0x0F0B4B02,0,0,0,0,
"Ant::csRoulette",40,0.04,0x00066EAA,571,0,571,0,
"Ant::csRoulette",40,0.04,0x0006703A,615,0,615,0,
"AntSystem::Deposit",40,0.04,0x00064D35,388,0,388,0,
"Ant::ConstructTour",39,0.04,0x0006644C,422,0,422,0,
"Ant::csRoulette",38,0.04,0x00067022,613,0,613,0,
"Ant::iRoulette",38,0.04,0x00067457,492,0,492,0,
"Ant::avxRandom",37,0.04,0x00066BF9,709,0,709,0,
"Ant::csRoulette",37,0.04,0x00066DBF,550,0,550,0,
"Ant::csRoulette",37,0.04,0x00066F23,590,0,590,0,
"Ant::csRoulette",36,0.04,0x00066DF1,552,0,552,0,
"Ant::iRoulette",36,0.04,0x00067384,465,0,465,0,
"Ant::iRoulette",33,0.03,0x00067338,458,0,458,0,
"Ant::iRoulette",33,0.03,0x00067441,492,0,492,0,
"[vcruntime140d.dll]",31,0.03,0x0F0B4649,0,0,0,0,
"Ant::iRoulette",31,0.03,0x000673E5,479,0,479,0,
"_RTC_CheckStackVars",30,0.03,0x00067FC7,0,0,0,0,
"[vcruntime140d.dll]",29,0.03,0x0F0B4AF9,0,0,0,0,
"Ant::avxRandom",29,0.03,0x00066BAA,705,0,705,0,
"Ant::csRoulette",29,0.03,0x00066FE2,607,0,607,0,
"[vcruntime140d.dll]",28,0.03,0x0F0B461E,0,0,0,0,
"Ant::csRoulette",28,0.03,0x00066CE6,531,0,531,0,
"Ant::iRoulette",28,0.03,0x00067400,486,0,486,0,
"[vcruntime140d.dll]",27,0.03,0x0F0B4610,0,0,0,0,
"Ant::csRoulette",27,0.03,0x00066CF7,531,0,531,0,
"_RTC_CheckStackVars",26,0.03,0x00067FB7,0,0,0,0,
"Ant::iRoulette",26,0.03,0x00067547,517,0,517,0,
"[ucrtbased.dll]",25,0.03,0x0FA64CF0,0,0,0,0,
"Ant::csRoulette",24,0.03,0x00066F71,596,0,596,0,
"[ucrtbased.dll]",23,0.02,0x0FA64932,0,0,0,0,
"Ant::csRoulette",23,0.02,0x00066C93,522,0,522,0,
"[ucrtbased.dll]",22,0.02,0x0FA64D08,0,0,0,0,
"Ant::avxRandom",22,0.02,0x00066BD9,706,0,706,0,
"Ant::csRoulette",22,0.02,0x00066CC9,525,0,525,0,
"Ant::csRoulette",22,0.02,0x00066F1D,590,0,590,0,
"Ant::csRoulette",22,0.02,0x0006702B,613,0,613,0,
"Ant::avxRandom",21,0.02,0x00066C55,711,0,711,0,
"Ant::ConstructTour",21,0.02,0x000663A6,408,0,408,0,
"Ant::csRoulette",21,0.02,0x00066E52,560,0,560,0,
"Ant::csRoulette",21,0.02,0x00066ED3,579,0,579,0,
"Ant::csRoulette",21,0.02,0x000670F1,633,0,633,0,
"Ant::csRoulette",20,0.02,0x00066CDC,525,0,525,0,
"Ant::csRoulette",20,0.02,0x00066D6F,544,0,544,0,
"Ant::iRoulette",20,0.02,0x000674BF,503,0,503,0,
"Ant::iRoulette",20,0.02,0x00067512,512,0,512,0,
"Ant::ConstructTour",19,0.02,0x000664A4,430,0,430,0,
"Ant::csRoulette",19,0.02,0x000670E4,633,0,633,0,
"Ant::iRoulette",19,0.02,0x00067496,500,0,500,0,
"AntSystem::Deposit",19,0.02,0x00064CD8,386,0,386,0,
"[ucrtbased.dll]",18,0.02,0x0FA64955,0,0,0,0,
"Ant::avxRandom",18,0.02,0x00066BBF,705,0,705,0,
"Ant::avxRandom",18,0.02,0x00066BEF,708,0,708,0,
"[ucrtbased.dll]",17,0.02,0x0FA64CF2,0,0,0,0,
"[vcruntime140d.dll]",17,0.02,0x0F0B4ADD,0,0,0,0,
"Ant::avxRandom",17,0.02,0x00066BA1,705,0,705,0,
"Ant::csRoulette",17,0.02,0x00066D0C,531,0,531,0,
"Ant::csRoulette",17,0.02,0x00066EA4,571,0,571,0,
"Ant::iRoulette",17,0.02,0x00067327,456,0,456,0,
"[ucrtbased.dll]",16,0.02,0x0FA64313,0,0,0,0,
"[ucrtbased.dll]",16,0.02,0x0FA64956,0,0,0,0,
"Ant::ConstructTour",16,0.02,0x0006637D,408,0,408,0,
"Ant::ConstructTour",16,0.02,0x00066394,408,0,408,0,
"Ant::csRoulette",16,0.02,0x00066FC2,602,0,602,0,
"Ant::iRoulette",16,0.02,0x0006749C,500,0,500,0,
"Ant::iRoulette",16,0.02,0x00067521,514,0,514,0,
"[ucrtbased.dll]",15,0.02,0x0FA64CFB,0,0,0,0,
"Ant::csRoulette",15,0.02,0x00067063,618,0,618,0,
"[ucrtbased.dll]",14,0.01,0x0FA6493F,0,0,0,0,
"Ant::avxRandom",14,0.01,0x00066BAC,705,0,705,0,
"Ant::csRoulette",14,0.01,0x00066CAF,522,0,522,0,
"Ant::csRoulette",14,0.01,0x00066D88,546,0,546,0,
"Ant::csRoulette",14,0.01,0x00066EA1,571,0,571,0,
"AntSystem::Deposit",14,0.01,0x00064CDA,386,0,386,0,
"AntSystem::Deposit",14,0.01,0x00064D0E,386,0,386,0,
"[ucrtbased.dll]",13,0.01,0x0FA64CF3,0,0,0,0,
"[vcruntime140d.dll]",13,0.01,0x0F0B4B44,0,0,0,0,
"Ant::avxRandom",13,0.01,0x00066BDB,708,0,708,0,
"Ant::ConstructTour",13,0.01,0x00066369,408,0,408,0,
"Ant::csRoulette",13,0.01,0x00066CB0,522,0,522,0,
"Ant::csRoulette",13,0.01,0x00066CD3,525,0,525,0,
"Ant::csRoulette",13,0.01,0x00066CF2,531,0,531,0,
"Ant::csRoulette",13,0.01,0x00066EF9,582,0,582,0,
"Ant::csRoulette",13,0.01,0x00066F0A,586,0,586,0,
"Ant::csRoulette",13,0.01,0x00066FA4,601,0,601,0,
"Ant::iRoulette",13,0.01,0x000673C7,475,0,475,0,
"Ant::iRoulette",13,0.01,0x000673F0,485,0,485,0,
"Ant::iRoulette",13,0.01,0x00067463,495,0,495,0,
"AntSystem::Deposit",13,0.01,0x00064CBC,385,0,385,0,
"@ILT+1110",12,0.01,0x0006145B,0,0,0,0,
"Ant::ConstructTour",12,0.01,0x000663F7,419,0,419,0,
"Ant::csRoulette",12,0.01,0x00066CBA,522,0,522,0,
"Ant::csRoulette",12,0.01,0x00066DE2,552,0,552,0,
"Ant::csRoulette",12,0.01,0x00066FA7,601,0,601,0,
"Ant::csRoulette",11,0.01,0x00066CF9,531,0,531,0,
"Ant::csRoulette",11,0.01,0x00066E87,571,0,571,0,
"Ant::csRoulette",11,0.01,0x00066FEA,607,0,607,0,
"AntSystem::Deposit",11,0.01,0x00064C50,384,0,384,0,
"AntSystem::Deposit",11,0.01,0x00064C82,385,0,385,0,
"AntSystem::Deposit",11,0.01,0x00064C86,385,0,385,0,
"AntSystem::DepositFromTour",11,0.01,0x000650A5,271,0,271,0,
"@ILT+320",10,0.01,0x00061145,0,0,0,0,
"[vcruntime140d.dll]",10,0.01,0x0F0B463F,0,0,0,0,
"[vcruntime140d.dll]",10,0.01,0x0F0B4B46,0,0,0,0,
"_RTC_CheckStackVars",10,0.01,0x00067F93,0,0,0,0,
"_RTC_CheckStackVars",10,0.01,0x00067FAD,0,0,0,0,
"_RTC_CheckStackVars",10,0.01,0x00067FBB,0,0,0,0,
"Ant::ConstructTour",10,0.01,0x00066366,408,0,408,0,
"Ant::ConstructTour",10,0.01,0x00066403,419,0,419,0,
"Ant::ConstructTour",10,0.01,0x00066412,420,0,420,0,
"Ant::ConstructTour",10,0.01,0x0006645B,424,0,424,0,
"Ant::csRoulette",10,0.01,0x00066EB2,576,0,576,0,
"Ant::csRoulette",10,0.01,0x00067089,622,0,622,0,
"Ant::csRoulette",10,0.01,0x0006708A,622,0,622,0,
"Ant::iRoulette",10,0.01,0x0006739C,469,0,469,0,
"Ant::iRoulette",10,0.01,0x00067412,489,0,489,0,
"Ant::iRoulette",10,0.01,0x00067501,510,0,510,0,
"Ant::iRoulette",10,0.01,0x00067519,512,0,512,0,
"Ant::iRoulette",10,0.01,0x0006754F,519,0,519,0,
"AntSystem::Deposit",10,0.01,0x00064D6D,391,0,391,0,
"_RTC_CheckStackVars",9,0.01,0x00067FA7,0,0,0,0,
"_RTC_CheckStackVars",9,0.01,0x00067FAA,0,0,0,0,
"Ant::ConstructTour",9,0.01,0x00066449,422,0,422,0,
"Ant::ConstructTour",9,0.01,0x000664F4,434,0,434,0,
"Ant::csRoulette",9,0.01,0x00066CC2,525,0,525,0,
"Ant::csRoulette",9,0.01,0x00066CCC,525,0,525,0,
"Ant::csRoulette",9,0.01,0x00066E33,558,0,558,0,
"Ant::csRoulette",9,0.01,0x00066FCC,606,0,606,0,
"Ant::csRoulette",9,0.01,0x00066FD8,606,0,606,0,
"Ant::csRoulette",9,0.01,0x000670B4,629,0,629,0,
"Ant::iRoulette",9,0.01,0x00067392,469,0,469,0,
"Ant::iRoulette",9,0.01,0x000673F3,485,0,485,0,
"AntSystem::Deposit",9,0.01,0x00064CA1,385,0,385,0,
"[ucrtbased.dll]",8,0.01,0x0FA64CF9,0,0,0,0,
"[vcruntime140d.dll]",8,0.01,0x0F0B4B0E,0,0,0,0,
"[vcruntime140d.dll]",8,0.01,0x0F0B4B45,0,0,0,0,
"[vcruntime140d.dll]",8,0.01,0x0F0B51A3,0,0,0,0,
"_RTC_CheckEsp",8,0.01,0x00068000,0,0,0,0,
"Ant::ConstructTour",8,0.01,0x00066479,424,0,424,0,
"Ant::csRoulette",8,0.01,0x00066CDE,525,0,525,0,
"Ant::csRoulette",8,0.01,0x00066D4A,543,0,543,0,
"Ant::csRoulette",8,0.01,0x00066F7A,596,0,596,0,
"Ant::csRoulette",8,0.01,0x00066F90,599,0,599,0,
"Ant::iRoulette",8,0.01,0x00067403,486,0,486,0,
"[ucrtbased.dll]",7,0.01,0x0FA643DE,0,0,0,0,
"[vcruntime140d.dll]",7,0.01,0x0F0B4612,0,0,0,0,
"_RTC_CheckStackVars",7,0.01,0x00067FBD,0,0,0,0,
"_RTC_CheckStackVars",7,0.01,0x00067FDF,0,0,0,0,
"Ant::ConstructTour",7,0.01,0x0006634C,401,0,401,0,
"Ant::ConstructTour",7,0.01,0x000663AF,409,0,409,0,
"Ant::csRoulette",7,0.01,0x00066CA8,522,0,522,0,
"Ant::csRoulette",7,0.01,0x00066CD0,525,0,525,0,
"Ant::csRoulette",7,0.01,0x00066E9B,571,0,571,0,
"Ant::csRoulette",7,0.01,0x000670AE,629,0,629,0,
"Ant::iRoulette",7,0.01,0x000673B7,472,0,472,0,
"Ant::iRoulette",7,0.01,0x000674AD,501,0,501,0,
"AntSystem::GetTSP",7,0.01,0x0006665D,53,0,53,0,
"__security_check_cookie",6,0.01,0x00068046,0,0,0,0,
"_RTC_CheckStackVars",6,0.01,0x00067F9D,0,0,0,0,
"_RTC_CheckStackVars",6,0.01,0x00067FA2,0,0,0,0,
"Ant::ConstructTour",6,0.01,0x00066409,419,0,419,0,
"Ant::csRoulette",6,0.01,0x00066D24,538,0,538,0,
"Ant::csRoulette",6,0.01,0x00066DF6,552,0,552,0,
"Ant::csRoulette",6,0.01,0x00066F7F,598,0,598,0,
"Ant::csRoulette",6,0.01,0x00066F9D,599,0,599,0,
"Ant::iRoulette",6,0.01,0x000673DB,479,0,479,0,
"Ant::iRoulette",6,0.01,0x000673DE,479,0,479,0,
"Ant::iRoulette",6,0.01,0x000673FB,485,0,485,0,
"Ant::iRoulette",6,0.01,0x000674BB,503,0,503,0,
"Ant::iRoulette",6,0.01,0x0006751B,514,0,514,0,
"AntSystem::Deposit",6,0.01,0x00064CE9,386,0,386,0,
"[ucrtbased.dll]",5,0.01,0x0FA64310,0,0,0,0,
"_RTC_CheckStackVars",5,0.01,0x00067F90,0,0,0,0,
"_RTC_CheckStackVars",5,0.01,0x00067FE3,0,0,0,0,
"Ant::ConstructTour",5,0.01,0x000663BE,412,0,412,0,
"Ant::ConstructTour",5,0.01,0x00066430,422,0,422,0,
"Ant::ConstructTour",5,0.01,0x00066467,424,0,424,0,
"Ant::ConstructTour",5,0.01,0x00066482,424,0,424,0,
"Ant::csRoulette",5,0.01,0x00066DD0,550,0,550,0,
"Ant::csRoulette",5,0.01,0x00066EE3,579,0,579,0,
"Ant::csRoulette",5,0.01,0x00066F96,599,0,599,0,
"Ant::csRoulette",5,0.01,0x0006708D,622,0,622,0,
"Ant::csRoulette",5,0.01,0x000670AB,629,0,629,0,
"Ant::iRoulette",5,0.01,0x000672EF,442,0,442,0,
"Ant::iRoulette",5,0.01,0x00067347,459,0,459,0,
"Ant::iRoulette",5,0.01,0x00067379,465,0,465,0,
"Ant::iRoulette",5,0.01,0x0006739B,469,0,469,0,
"Ant::iRoulette",5,0.01,0x0006746C,495,0,495,0,
"Ant::iRoulette",5,0.01,0x00067479,497,0,497,0,
"Ant::iRoulette",5,0.01,0x000674A7,500,0,500,0,
"Ant::iRoulette",5,0.01,0x0006752A,514,0,514,0,
"AntSystem::Deposit",5,0.01,0x00064CCB,386,0,386,0,
"[vcruntime140d.dll]",4,0.00,0x0F0B4AF0,0,0,0,0,
"Ant::ConstructTour",4,0.00,0x000663B2,409,0,409,0,
"Ant::ConstructTour",4,0.00,0x0006640C,419,0,419,0,
"Ant::ConstructTour",4,0.00,0x0006641E,420,0,420,0,
"Ant::ConstructTour",4,0.00,0x0006642A,420,0,420,0,
"Ant::ConstructTour",4,0.00,0x00066433,422,0,422,0,
"Ant::ConstructTour",4,0.00,0x00066484,427,0,427,0,
"Ant::csRoulette",4,0.00,0x00066D12,538,0,538,0,
"Ant::csRoulette",4,0.00,0x00066E45,560,0,560,0,
"Ant::csRoulette",4,0.00,0x00066E98,571,0,571,0,
"Ant::csRoulette",4,0.00,0x00066EC5,576,0,576,0,
"Ant::csRoulette",4,0.00,0x00066FAA,601,0,601,0,
"Ant::csRoulette",4,0.00,0x00066FBD,601,0,601,0,
"Ant::csRoulette",4,0.00,0x00067095,624,0,624,0,
"Ant::csRoulette",4,0.00,0x000670C0,630,0,630,0,
"Ant::csRoulette",4,0.00,0x000670C7,633,0,633,0,
"Ant::csRoulette",4,0.00,0x000670D9,633,0,633,0,
"Ant::csRoulette",4,0.00,0x000670DA,633,0,633,0,
"Ant::iRoulette",4,0.00,0x000673E1,479,0,479,0,
"Ant::iRoulette",4,0.00,0x0006742F,492,0,492,0,
"Ant::iRoulette",4,0.00,0x000674B2,503,0,503,0,
"Ant::iRoulette",4,0.00,0x00067509,512,0,512,0,
"AntSystem::Deposit",4,0.00,0x00064D17,388,0,388,0,
"@ILT+1035",3,0.00,0x00061410,0,0,0,0,
"[ucrtbased.dll]",3,0.00,0x0FAB5462,0,0,0,0,
"_RTC_CheckStackVars",3,0.00,0x00067FA4,0,0,0,0,
"_RTC_CheckStackVars",3,0.00,0x00067FC0,0,0,0,0,
"Ant::avxRandom",3,0.00,0x00066BA3,705,0,705,0,
"Ant::ConstructTour",3,0.00,0x000663A3,408,0,408,0,
"Ant::ConstructTour",3,0.00,0x000663DC,412,0,412,0,
"Ant::ConstructTour",3,0.00,0x00066497,430,0,430,0,
"Ant::csRoulette",3,0.00,0x00066D1E,538,0,538,0,
"Ant::csRoulette",3,0.00,0x00066D3C,540,0,540,0,
"Ant::csRoulette",3,0.00,0x00066E27,558,0,558,0,
"Ant::csRoulette",3,0.00,0x00066E3C,560,0,560,0,
"Ant::csRoulette",3,0.00,0x00066F3A,593,0,593,0,
"Ant::csRoulette",3,0.00,0x0006701A,613,0,613,0,
"Ant::csRoulette",3,0.00,0x00067092,624,0,624,0,
"Ant::csRoulette",3,0.00,0x00067098,624,0,624,0,
"Ant::csRoulette",3,0.00,0x000670D6,633,0,633,0,
"Ant::iRoulette",3,0.00,0x0006732C,458,0,458,0,
"Ant::iRoulette",3,0.00,0x0006742C,492,0,492,0,
"Ant::iRoulette",3,0.00,0x00067493,500,0,500,0,
"Ant::iRoulette",3,0.00,0x000674D5,507,0,507,0,
"AntSystem::Deposit",3,0.00,0x00064B91,377,0,377,0,
"AntSystem::Deposit",3,0.00,0x00064D7E,391,0,391,0,
"[ucrtbased.dll]",2,0.00,0x0FA6494B,0,0,0,0,
"[vcruntime140d.dll]",2,0.00,0x0F0B4AEA,0,0,0,0,
"[vcruntime140d.dll]",2,0.00,0x0F0B519E,0,0,0,0,
"[vcruntime140d.dll]",2,0.00,0x0F0B51AD,0,0,0,0,
"_RTC_CheckStackVars",2,0.00,0x00067F94,0,0,0,0,
"_RTC_CheckStackVars",2,0.00,0x00067F95,0,0,0,0,
"_RTC_CheckStackVars",2,0.00,0x00067FDA,0,0,0,0,
"_RTC_CheckStackVars",2,0.00,0x00067FE4,0,0,0,0,
"Ant::avxRandom",2,0.00,0x00066BB8,705,0,705,0,
"Ant::avxRandom",2,0.00,0x00066BC3,706,0,706,0,
"Ant::avxRandom",2,0.00,0x00066BF2,708,0,708,0,
"Ant::ConstructTour",2,0.00,0x00066266,372,0,372,0,
"Ant::ConstructTour",2,0.00,0x00066343,401,0,401,0,
"Ant::csRoulette",2,0.00,0x00066D05,531,0,531,0,
"Ant::csRoulette",2,0.00,0x00066D07,531,0,531,0,
"Ant::csRoulette",2,0.00,0x00066D2D,540,0,540,0,
"Ant::csRoulette",2,0.00,0x00066D30,540,0,540,0,
"Ant::csRoulette",2,0.00,0x00066D5E,544,0,544,0,
"Ant::csRoulette",2,0.00,0x00066E2D,558,0,558,0,
"Ant::csRoulette",2,0.00,0x00066E42,560,0,560,0,
"Ant::csRoulette",2,0.00,0x00066E6A,561,0,561,0,
"Ant::csRoulette",2,0.00,0x00066EC9,576,0,576,0,
"Ant::csRoulette",2,0.00,0x00066EEA,579,0,579,0,
"Ant::csRoulette",2,0.00,0x00066F01,586,0,586,0,
"Ant::csRoulette",2,0.00,0x00066FF1,607,0,607,0,
"Ant::csRoulette",2,0.00,0x000670C6,633,0,633,0,
"Ant::csRoulette",2,0.00,0x000670C9,633,0,633,0,
"Ant::csRoulette",2,0.00,0x000670D8,633,0,633,0,
"Ant::iRoulette",2,0.00,0x000672F5,442,0,442,0,
"Ant::iRoulette",2,0.00,0x0006730B,452,0,452,0,
"Ant::iRoulette",2,0.00,0x0006737B,465,0,465,0,
"Ant::iRoulette",2,0.00,0x0006738C,469,0,469,0,
"Ant::iRoulette",2,0.00,0x000673CA,475,0,475,0,
"Ant::iRoulette",2,0.00,0x000673F5,485,0,485,0,
"Ant::iRoulette",2,0.00,0x000673FD,486,0,486,0,
"Ant::iRoulette",2,0.00,0x0006748C,498,0,498,0,
"Ant::iRoulette",2,0.00,0x000674CD,506,0,506,0,
"Ant::iRoulette",2,0.00,0x00067503,512,0,512,0,
"Ant::iRoulette",2,0.00,0x00067541,515,0,515,0,
"AntSystem::Deposit",2,0.00,0x00064B6B,375,0,375,0,
"AntSystem::Deposit",2,0.00,0x00064B97,377,0,377,0,
"AntSystem::Deposit",2,0.00,0x00064C79,385,0,385,0,
"AntSystem::Deposit",2,0.00,0x00064E01,396,0,396,0,
"[vcruntime140d.dll]",1,0.00,0x0F0B461A,0,0,0,0,
"[vcruntime140d.dll]",1,0.00,0x0F0B4ADF,0,0,0,0,
"[vcruntime140d.dll]",1,0.00,0x0F0B4AE8,0,0,0,0,
"[vcruntime140d.dll]",1,0.00,0x0F0B4B0B,0,0,0,0,
"[vcruntime140d.dll]",1,0.00,0x0F0B4B40,0,0,0,0,
"[vcruntime140d.dll]",1,0.00,0x0F0B514A,0,0,0,0,
"[vcruntime140d.dll]",1,0.00,0x0F0B5199,0,0,0,0,
"[vcruntime140d.dll]",1,0.00,0x0F0B51A8,0,0,0,0,
"[vcruntime140d.dll]",1,0.00,0x0F0B51B2,0,0,0,0,
"[vcruntime140d.dll]",1,0.00,0x0F0B51E9,0,0,0,0,
"[vcruntime140d.dll]",1,0.00,0x0F0B51F7,0,0,0,0,
"[vcruntime140d.dll]",1,0.00,0x0F0B5209,0,0,0,0,
"[vcruntime140d.dll]",1,0.00,0x0F0B520E,0,0,0,0,
"__security_check_cookie",1,0.00,0x00068040,0,0,0,0,
"_RTC_CheckStackVars",1,0.00,0x00067F9F,0,0,0,0,
"_RTC_CheckStackVars",1,0.00,0x00067FDD,0,0,0,0,
"_RTC_CheckStackVars",1,0.00,0x00067FE1,0,0,0,0,
"_RTC_CheckStackVars",1,0.00,0x00067FE2,0,0,0,0,
"_RTC_CheckStackVars",1,0.00,0x00067FE6,0,0,0,0,
"_RTC_CheckStackVars",1,0.00,0x00067FE7,0,0,0,0,
"Ant::avxRandom",1,0.00,0x00066BA9,705,0,705,0,
"Ant::avxRandom",1,0.00,0x00066BDE,708,0,708,0,
"Ant::avxRandom",1,0.00,0x00066BF5,708,0,708,0,
"Ant::avxRandom",1,0.00,0x00066C1A,709,0,709,0,
"Ant::ConstructTour",1,0.00,0x0006621F,365,0,365,0,
"Ant::ConstructTour",1,0.00,0x00066237,368,0,368,0,
"Ant::ConstructTour",1,0.00,0x00066247,369,0,369,0,
"Ant::ConstructTour",1,0.00,0x000662A7,382,0,382,0,
"Ant::ConstructTour",1,0.00,0x000662DC,392,0,392,0,
"Ant::ConstructTour",1,0.00,0x0006631A,396,0,396,0,
"Ant::ConstructTour",1,0.00,0x00066325,396,0,396,0,
"Ant::ConstructTour",1,0.00,0x0006636F,408,0,408,0,
"Ant::ConstructTour",1,0.00,0x000663A0,408,0,408,0,
"Ant::ConstructTour",1,0.00,0x000663F1,412,0,412,0,
"Ant::ConstructTour",1,0.00,0x00066407,419,0,419,0,
"Ant::ConstructTour",1,0.00,0x000664D0,434,0,434,0,
"Ant::csRoulette",1,0.00,0x00066D02,531,0,531,0,
"Ant::csRoulette",1,0.00,0x00066D19,538,0,538,0,
"Ant::csRoulette",1,0.00,0x00066DF3,552,0,552,0,
"Ant::csRoulette",1,0.00,0x00066E1A,558,0,558,0,
"Ant::csRoulette",1,0.00,0x00066E9C,571,0,571,0,
"Ant::csRoulette",1,0.00,0x00066EF2,582,0,582,0,
"Ant::csRoulette",1,0.00,0x00066F0D,586,0,586,0,
"Ant::csRoulette",1,0.00,0x00066F10,586,0,586,0,
"Ant::csRoulette",1,0.00,0x00066FC7,604,0,604,0,
"Ant::csRoulette",1,0.00,0x00066FD1,606,0,606,0,
"Ant::csRoulette",1,0.00,0x00066FD2,606,0,606,0,
"Ant::csRoulette",1,0.00,0x00066FE4,607,0,607,0,
"Ant::csRoulette",1,0.00,0x00066FF6,607,0,607,0,
"Ant::csRoulette",1,0.00,0x0006707A,622,0,622,0,
"Ant::csRoulette",1,0.00,0x000670A4,625,0,625,0,
"Ant::csRoulette",1,0.00,0x000670B1,629,0,629,0,
"Ant::csRoulette",1,0.00,0x000670DD,633,0,633,0,
"Ant::csRoulette",1,0.00,0x000670DF,633,0,633,0,
"Ant::csRoulette",1,0.00,0x000670EA,633,0,633,0,
"Ant::csRoulette",1,0.00,0x000670F3,633,0,633,0,
"Ant::csRoulette",1,0.00,0x000670F4,633,0,633,0,
"Ant::iRoulette",1,0.00,0x000672D9,442,0,442,0,
"Ant::iRoulette",1,0.00,0x00067308,452,0,452,0,
"Ant::iRoulette",1,0.00,0x0006731D,456,0,456,0,
"Ant::iRoulette",1,0.00,0x00067329,458,0,458,0,
"Ant::iRoulette",1,0.00,0x00067355,460,0,460,0,
"Ant::iRoulette",1,0.00,0x00067361,465,0,465,0,
"Ant::iRoulette",1,0.00,0x00067372,465,0,465,0,
"Ant::iRoulette",1,0.00,0x00067375,465,0,465,0,
"Ant::iRoulette",1,0.00,0x0006737E,465,0,465,0,
"Ant::iRoulette",1,0.00,0x000673A3,469,0,469,0,
"Ant::iRoulette",1,0.00,0x000673B1,472,0,472,0,
"Ant::iRoulette",1,0.00,0x000673CF,479,0,479,0,
"Ant::iRoulette",1,0.00,0x000673D8,479,0,479,0,
"Ant::iRoulette",1,0.00,0x00067471,497,0,497,0,
"Ant::iRoulette",1,0.00,0x00067482,498,0,498,0,
"Ant::iRoulette",1,0.00,0x000674E9,510,0,510,0,
"Ant::iRoulette",1,0.00,0x000674EB,510,0,510,0,
"Ant::iRoulette",1,0.00,0x000674F1,510,0,510,0,
"Ant::iRoulette",1,0.00,0x00067532,515,0,515,0,
"Ant::iRoulette",1,0.00,0x00067566,519,0,519,0,
"Ant::iRoulette",1,0.00,0x0006756D,519,0,519,0,
"Ant::iRoulette",1,0.00,0x0006757A,519,0,519,0,
"AntSystem::Deposit",1,0.00,0x00064B7A,375,0,375,0,
"AntSystem::Deposit",1,0.00,0x00064BBB,378,0,378,0,
"AntSystem::Deposit",1,0.00,0x00064C28,382,0,382,0,
"AntSystem::Deposit",1,0.00,0x00064D00,386,0,386,0,
"AntSystem::Deposit",1,0.00,0x00064D53,390,0,390,0,
"AntSystem::Deposit",1,0.00,0x00064DBF,395,0,395,0,
"AntSystem::Deposit",1,0.00,0x00064DC1,395,0,395,0,
"AntSystem::Deposit",1,0.00,0x00064DD4,395,0,395,0,
"AntSystem::Deposit",1,0.00,0x00064DD7,395,0,395,0,
"AntSystem::Deposit",1,0.00,0x00064E10,396,0,396,0,
"AntSystem::DepositFromTour",1,0.00,0x00064FC1,264,0,264,0,
"AntSystem::DepositFromTour",1,0.00,0x00065031,270,0,270,0,
"AntSystem::DepositFromTour",1,0.00,0x00065046,270,0,270,0,
"AntSystem::GetTSP",1,0.00,0x00066666,53,0,53,0,
"Timers::StopTimer",1,0.00,0x000630C1,55,0,55,0,
